video_id,title,published_at,channel_id,channel_title,duration_seconds,is_short,views,likes,comments,thumbnail_url,video_url,transcript,engagement_rate,score,rank,content_type,type_rank
pe_ejTiIcSs,"Lose 100 LBs, Win $250,000!",20250621,@MrBeast,MrBeast,2209,False,245608107,6839872,115000,https://i.ytimg.com/vi_webp/pe_ejTiIcSs/maxresdefault.webp,https://www.youtube.com/watch?v=pe_ejTiIcSs,,0.02831694802321814,0.5282946032329849,1,Video,1
897gvApD6V4,Will a Zebra Subscribe to me?,20260401,@MrBeast,MrBeast,8,True,587081639,2835377,19000,https://i.ytimg.com/vi_webp/897gvApD6V4/maxresdefault.webp,https://www.youtube.com/watch?v=897gvApD6V4,,0.004861976274478583,0.502617247279402,2,Short,1
6Zy5VLcEbZc,"I Stranded 100 People In The Wilderness For $250,000",20260502,@MrBeast,MrBeast,2220,False,62056295,1710209,1000000,https://i.ytimg.com/vi_webp/6Zy5VLcEbZc/maxresdefault.webp,https://www.youtube.com/watch?v=6Zy5VLcEbZc,,0.043673393650072084,0.41508763829087897,3,Video,2
_JUlWtSCNbs,Who's The Strongest Streamer?,20260403,@MrBeast,MrBeast,26,True,293187880,4733908,15000,https://i.ytimg.com/vi_webp/_JUlWtSCNbs/maxresdefault.webp,https://www.youtube.com/watch?v=_JUlWtSCNbs,,0.016197490837615798,0.39084590216097703,4,Short,2
4l97aNza_Zc,"Survive 30 Days Chained To Your Ex, Win $250,000",20250913,@MrBeast,MrBeast,2224,False,228138490,4105258,68000,https://i.ytimg.com/vi_webp/4l97aNza_Zc/maxresdefault.webp,https://www.youtube.com/watch?v=4l97aNza_Zc,,0.018292651976437646,0.38695806231690333,5,Video,3
gar4U3n-ILY,Guess What Age Punched You,20260209,@MrBeast,MrBeast,37,True,286956118,4164205,28000,https://i.ytimg.com/vi_webp/gar4U3n-ILY/maxresdefault.webp,https://www.youtube.com/watch?v=gar4U3n-ILY,,0.014609219797153794,0.3650806558382123,6,Short,3
FWAdfuPpLOc,World's Fastest Car Vs Cheetah!,20250705,@MrBeast,MrBeast,1236,False,227218390,3493273,47000,https://i.ytimg.com/vi_webp/FWAdfuPpLOc/maxresdefault.webp,https://www.youtube.com/watch?v=FWAdfuPpLOc,,0.01558092635019551,0.35445427107816035,7,Video,4
F0OkwXKcPSE,Hi Me In 10 Years,20251004,@MrBeast,MrBeast,194,False,60939091,3675234,114000,https://i.ytimg.com/vi_webp/F0OkwXKcPSE/maxresdefault.webp,https://www.youtube.com/watch?v=F0OkwXKcPSE,,0.06218067808067567,0.34186107884421196,8,Video,5
hTSaweR8qMI,"$1 vs $500,000 Date",20250607,@MrBeast,MrBeast,1042,False,178861863,3559141,62000,https://i.ytimg.com/vi_webp/hTSaweR8qMI/maxresdefault.webp,https://www.youtube.com/watch?v=hTSaweR8qMI,,0.020245461717012306,0.33486909961833633,9,Video,6
Oo9EbArcQ1c,"I Saved 1,000 Animals From Dying",20251025,@MrBeast,MrBeast,1055,False,188413001,3355796,60000,https://i.ytimg.com/vi_webp/Oo9EbArcQ1c/maxresdefault.webp,https://www.youtube.com/watch?v=Oo9EbArcQ1c,,0.018129300960500066,0.3297200178977009,10,Video,7
ZFoNBxpXen4,"Survive 30 Days Trapped In The Sky, Win $250,000",20251220,@MrBeast,MrBeast,2245,False,181117546,2901137,109000,https://i.ytimg.com/vi_webp/ZFoNBxpXen4/maxresdefault.webp,https://www.youtube.com/watch?v=ZFoNBxpXen4,,0.01661979784112137,0.31491491052493775,11,Video,8
pzBi1nwDn8U,"Survive 100 Days Trapped In A Private Jet, Keep It",20250719,@MrBeast,MrBeast,1983,False,142301058,3467766,46000,https://i.ytimg.com/vi_webp/pzBi1nwDn8U/maxresdefault.webp,https://www.youtube.com/watch?v=pzBi1nwDn8U,,0.024692479798709577,0.31087813348037574,12,Video,9
TDv56whosPQ,"Survive 100 Days In Prison, Win $500,000",20250816,@MrBeast,MrBeast,2375,False,154979098,3127618,43000,https://i.ytimg.com/vi_webp/TDv56whosPQ/maxresdefault.webp,https://www.youtube.com/watch?v=TDv56whosPQ,,0.02045835884268729,0.2988578273861414,13,Video,10
zRtGL0-5rg4,"Last To Leave Grocery Store, Wins $250,000",20260418,@MrBeast,MrBeast,2577,False,122444396,2840916,157000,https://i.ytimg.com/vi_webp/zRtGL0-5rg4/maxresdefault.webp,https://www.youtube.com/watch?v=zRtGL0-5rg4,,0.024483897164227917,0.29574770046214655,14,Video,11
pAnGwRiQ4-4,"$1 vs $1,000,000,000 Futuristic Tech!",20260124,@MrBeast,MrBeast,1383,False,137819721,3010796,88000,https://i.ytimg.com/vi_webp/pAnGwRiQ4-4/maxresdefault.webp,https://www.youtube.com/watch?v=pAnGwRiQ4-4,,0.02248441643558399,0.2952914573591572,15,Video,12
_AbFXuGDRTs,"$1 vs $1,000,000,000 Nuclear Bunker!",20250830,@MrBeast,MrBeast,1037,False,166982210,2938751,38000,https://i.ytimg.com/vi_webp/_AbFXuGDRTs/maxresdefault.webp,https://www.youtube.com/watch?v=_AbFXuGDRTs,,0.017826755317228105,0.29443164705194885,16,Video,13
oBXSvS2QKxU,100 Kids Vs World's Strongest Man!,20251011,@MrBeast,MrBeast,1640,False,169974180,2842795,52000,https://i.ytimg.com/vi_webp/oBXSvS2QKxU/maxresdefault.webp,https://www.youtube.com/watch?v=oBXSvS2QKxU,,0.017030792559199287,0.29432259682860995,17,Video,14
JFtlf8RoPZY,Trapped On An Island Until I Build A Boat,20260321,@MrBeast,MrBeast,1813,False,118579686,2659552,113000,https://i.ytimg.com/vi_webp/JFtlf8RoPZY/maxresdefault.webp,https://www.youtube.com/watch?v=JFtlf8RoPZY,,0.023381340375618804,0.275523556722035,18,Video,15
QJI0an6irrA,"30 Celebrities Fight For $1,000,000!",20260107,@MrBeast,MrBeast,2499,False,122642758,2608431,118000,https://i.ytimg.com/vi_webp/QJI0an6irrA/maxresdefault.webp,https://www.youtube.com/watch?v=QJI0an6irrA,,0.02223067260114943,0.27539857430357023,19,Video,16
DXVHmGoCTco,"50 Streamers Fight for $1,000,000",20260404,@MrBeast,MrBeast,2971,False,101922818,2495102,166000,https://i.ytimg.com/vi_webp/DXVHmGoCTco/maxresdefault.webp,https://www.youtube.com/watch?v=DXVHmGoCTco,,0.026108991609710006,0.27335312784391985,20,Video,17
AoN1K4c7VKE,"Survive 30 Days Stranded With Your Ex, Win $250,000",20260307,@MrBeast,MrBeast,1803,False,119189745,2358944,147000,https://i.ytimg.com/vi_webp/AoN1K4c7VKE/maxresdefault.webp,https://www.youtube.com/watch?v=AoN1K4c7VKE,,0.02102482893977162,0.26741882014511686,21,Video,18
5OLs1GWB4OA,I Built 10 Schools Around The World,20260221,@MrBeast,MrBeast,964,False,62166726,2301951,94000,https://i.ytimg.com/vi_webp/5OLs1GWB4OA/maxresdefault.webp,https://www.youtube.com/watch?v=5OLs1GWB4OA,,0.038540729971850214,0.2460164540725706,22,Video,19
Z4hVGCWH1Kc,"2,000,000 People Get Clean Water For The First Time!",20250801,@MrBeast,MrBeast,620,False,108543501,2408202,46000,https://i.ytimg.com/vi_webp/Z4hVGCWH1Kc/maxresdefault.webp,https://www.youtube.com/watch?v=Z4hVGCWH1Kc,,0.022610308101265318,0.24438997861415807,23,Video,20
zo7i8VTpfNM,"How Much Would You Risk For $500,000?",20250927,@MrBeast,MrBeast,1525,False,130402160,2263509,31000,https://i.ytimg.com/vi_webp/zo7i8VTpfNM/maxresdefault.webp,https://www.youtube.com/watch?v=zo7i8VTpfNM,,0.017595636452647716,0.24221573180846168,24,Video,21
8bMh8azh3CY,100 Pilots Fight For A Private Jet,20251206,@MrBeast,MrBeast,1725,False,144642221,1920980,73000,https://i.ytimg.com/vi_webp/8bMh8azh3CY/maxresdefault.webp,https://www.youtube.com/watch?v=8bMh8azh3CY,,0.013785601370155953,0.2409759099169861,25,Video,22
Ah_uuTwGOYU,World's Strongest Man Vs Robot,20251122,@MrBeast,MrBeast,1103,False,123644249,2061302,67000,https://i.ytimg.com/vi_webp/Ah_uuTwGOYU/maxresdefault.webp,https://www.youtube.com/watch?v=Ah_uuTwGOYU,,0.01721310952359782,0.23658192023774877,26,Video,23
3RmOvxilbPM,100 People Vs World’s Biggest Trap!,20251108,@MrBeast,MrBeast,1842,False,115002417,1955549,84000,https://i.ytimg.com/vi_webp/3RmOvxilbPM/maxresdefault.webp,https://www.youtube.com/watch?v=3RmOvxilbPM,,0.017734835955665176,0.23101933403209907,27,Video,24
c9VS_cgInT4,"Subscribe, I’ll Double Your Bank Account",20260228,@MrBeast,MrBeast,30,True,200854573,2217473,21000,https://i.ytimg.com/vi_webp/c9VS_cgInT4/maxresdefault.webp,https://www.youtube.com/watch?v=c9VS_cgInT4,,0.011144745009116622,0.2256073997988256,28,Short,4
9WEQts7b8Pw,"Ages 1 - 100 Race For $250,000!",20260207,@MrBeast,MrBeast,1411,False,105967429,1650684,84000,https://i.ytimg.com/vi_webp/9WEQts7b8Pw/maxresdefault.webp,https://www.youtube.com/watch?v=9WEQts7b8Pw,,0.01636997345665525,0.21101851553507883,29,Video,25
purAsH7pXTQ,"5 Strangers Split $100,000",20260313,@MrBeast,MrBeast,64,False,56688526,1648390,18000,https://i.ytimg.com/vi_webp/purAsH7pXTQ/maxresdefault.webp,https://www.youtube.com/watch?v=purAsH7pXTQ,,0.029395542935796215,0.1865319611525167,30,Video,26
VEGq2Du_HCw,"Subscribe for $10,000",20260501,@MrBeast,MrBeast,13,True,177866095,1574813,30000,https://i.ytimg.com/vi_webp/VEGq2Du_HCw/maxresdefault.webp,https://www.youtube.com/watch?v=VEGq2Du_HCw,,0.009022590842847256,0.18386644406433875,31,Short,5
IEuDUhGIJ5c,My Chocolate Factory Blew Up,20260310,@MrBeast,MrBeast,69,False,17014582,850958,19000,https://i.ytimg.com/vi_webp/IEuDUhGIJ5c/maxresdefault.webp,https://www.youtube.com/watch?v=IEuDUhGIJ5c,,0.051130142368469585,0.16754845258044243,32,Video,27
mFWpUx3FiyU,Guess The Animal,20260417,@MrBeast,MrBeast,45,True,124743176,1903815,10000,https://i.ytimg.com/vi_webp/mFWpUx3FiyU/maxresdefault.webp,https://www.youtube.com/watch?v=mFWpUx3FiyU,,0.015342041636009012,0.16670326966599958,33,Short,6
XbaZ45LVzzM,Surprising My Fiancée With A Chocolate Heart,20260212,@MrBeast,MrBeast,37,True,83933124,2043584,16000,https://i.ytimg.com/vi_webp/XbaZ45LVzzM/maxresdefault.webp,https://www.youtube.com/watch?v=XbaZ45LVzzM,,0.02453839320933652,0.1611625485965765,34,Short,7
IcuJ3vO_t3k,Would You Steal Money From A Stranger?,20260306,@MrBeast,MrBeast,27,True,74490283,1935656,10000,https://i.ytimg.com/vi_webp/IcuJ3vO_t3k/maxresdefault.webp,https://www.youtube.com/watch?v=IcuJ3vO_t3k,,0.026119594685927023,0.15218766937042513,35,Short,8
VIJLIo5yT1I,Don’t Eat The Spicy Yoshi Egg,20260410,@MrBeast,MrBeast,56,True,93351133,1673248,11000,https://i.ytimg.com/vi_webp/VIJLIo5yT1I/maxresdefault.webp,https://www.youtube.com/watch?v=VIJLIo5yT1I,,0.018042073468995817,0.14142389200385264,36,Short,9
jCE1Ol3PYDs,"I Hid $1,000,000 In This Vault",20260320,@MrBeast,MrBeast,57,True,36504982,1493604,16000,https://i.ytimg.com/vi_webp/jCE1Ol3PYDs/maxresdefault.webp,https://www.youtube.com/watch?v=jCE1Ol3PYDs,,0.04135336924697018,0.1373349815346286,37,Short,10
yy-Nt0dRhNI,Winner Picks Our Honeymoon,20260421,@MrBeast,MrBeast,51,True,80154489,1535553,14000,https://i.ytimg.com/vi_webp/yy-Nt0dRhNI/maxresdefault.webp,https://www.youtube.com/watch?v=yy-Nt0dRhNI,,0.019332080078509388,0.1300599556434747,38,Short,11
hjkbqeWQAM8,"Every Step You Take, Win $1,000",20260218,@MrBeast,MrBeast,42,True,96943708,1440269,8700,https://i.ytimg.com/vi_webp/hjkbqeWQAM8/maxresdefault.webp,https://www.youtube.com/watch?v=hjkbqeWQAM8,,0.014946498642284242,0.1293041552846821,39,Short,12
IqL-ZunFfpk,"Pop The Balloons, Win $10,000",20260317,@MrBeast,MrBeast,22,True,77002097,1463633,12000,https://i.ytimg.com/vi_webp/IqL-ZunFfpk/maxresdefault.webp,https://www.youtube.com/watch?v=IqL-ZunFfpk,,0.019163543039613585,0.1245056367459189,40,Short,13
6W_841xoprg,Can a Window Stop a Wrecking Ball?,20260414,@MrBeast,MrBeast,30,True,65665157,1499803,10000,https://i.ytimg.com/vi_webp/6W_841xoprg/maxresdefault.webp,https://www.youtube.com/watch?v=6W_841xoprg,,0.022992452450848477,0.12435190688646612,41,Short,14
uNu6XEPTy5g,$1 or Mystery Vial?,20260407,@MrBeast,MrBeast,34,True,39841647,1231299,13000,https://i.ytimg.com/vi_webp/uNu6XEPTy5g/maxresdefault.webp,https://www.youtube.com/watch?v=uNu6XEPTy5g,,0.031231113512952914,0.11154160352027827,42,Short,15
KaUuPNYHFNg,I Built a School in Mexico,20260222,@MrBeast,MrBeast,40,True,20674488,792510,14000,https://i.ytimg.com/vi_webp/KaUuPNYHFNg/maxresdefault.webp,https://www.youtube.com/watch?v=KaUuPNYHFNg,,0.03900991405446171,0.0957217394603065,43,Short,16
pzxtGL9kzPs,Try Not To Get Slimed,20260424,@MrBeast,MrBeast,32,True,66773324,851245,10000,https://i.ytimg.com/vi_webp/pzxtGL9kzPs/maxresdefault.webp,https://www.youtube.com/watch?v=pzxtGL9kzPs,,0.012898039941818682,0.08321817926194999,44,Short,17
Z9NxQdQ8Rpg,"Bring Me A Glass Of Water = Win $10,000",20260326,@MrBeast,MrBeast,40,True,25497589,743680,13000,https://i.ytimg.com/vi_webp/Z9NxQdQ8Rpg/maxresdefault.webp,https://www.youtube.com/watch?v=Z9NxQdQ8Rpg,,0.02967653137714315,0.08072105208580074,45,Short,18
EdT5Z16Y5WE,"Would Your Dog Pick $10,000 or Steak?",20260429,@MrBeast,MrBeast,32,True,31338159,770358,7800,https://i.ytimg.com/vi_webp/EdT5Z16Y5WE/maxresdefault.webp,https://www.youtube.com/watch?v=EdT5Z16Y5WE,,0.024831005548219983,0.07623064986618694,46,Short,19
ScjQAcbA9e4,Important Announcement From The Grocery Store,20260428,@MrBeast,MrBeast,12,True,11357311,399265,13000,https://i.ytimg.com/vi_webp/ScjQAcbA9e4/maxresdefault.webp,https://www.youtube.com/watch?v=ScjQAcbA9e4,,0.03629952547746557,0.06966923530791563,47,Short,20
feu5PQvoCiA,Asking My Fiancée on a Date,20260503,@MrBeast,MrBeast,8,True,4619500,162992,7000,https://i.ytimg.com/vi_webp/feu5PQvoCiA/maxresdefault.webp,https://www.youtube.com/watch?v=feu5PQvoCiA,,0.03679878774759173,0.05585884781551988,48,Short,21
AKC50SZQFN8,Spreading Rumors About Streamers,20260402,@MrBeast,MrBeast,36,True,13774190,378880,7200,https://i.ytimg.com/vi_webp/AKC50SZQFN8/maxresdefault.webp,https://www.youtube.com/watch?v=AKC50SZQFN8,,0.028029234386922206,0.05496977156537765,49,Short,22
hRBpDdWbUpI,Can My Fiancée Lift Me?,20260427,@MrBeast,MrBeast,17,True,11083290,261934,6300,https://i.ytimg.com/vi_webp/hRBpDdWbUpI/maxresdefault.webp,https://www.youtube.com/watch?v=hRBpDdWbUpI,,0.024201658532800277,0.041884206653452646,50,Short,23
